Date,Price
1,109.503319
2,109.735687
3,108.860428
4,109.36393
5,109.27092
6,109.635033
7,110.115288
8,110.951843
9,110.73497
10,110.78138
11,110.409615
12,110.626488
13,110.285698
14,110.610992
15,111.501755
16,110.192719
17,110.091988
18,110.030083
19,110.603264
20,111.346863
21,112.013016
22,112.167915
23,112.198898
24,112.229912
25,112.477791
26,112.330612
27,111.494041
28,111.114487
29,112.05172
30,112.787613
31,112.934792
32,112.880547
33,113.120651
34,113.074165
35,112.988968
36,112.547501
37,112.446762
38,108.054863
39,109.162491
40,108.837166
41,107.411949
42,106.389526
43,108.20977
44,108.101349
45,109.015343
46,109.046341
47,109.209
48,107.086632
49,107.884445
50,108.031631
51,107.729111
52,109.027809
53,109.626602
54,111.430794
55,111.34523
56,111.508553
57,111.360771
58,111.096359
59,110.287628
60,110.404259
61,110.427605
62,110.552025
63,111.741844
64,111.86631
65,112.169579
66,112.325089
67,112.457306
68,111.998459
69,112.496162
70,113.009399
71,114.082558
72,114.385887
73,114.525879
74,114.494759
75,115.575668
76,115.14019
77,115.186859
78,116.244492
79,116.376678
80,116.283348
81,115.319077
82,115.614563
83,116.291122
84,116.921036
85,117.364304
86,117.387642
87,117.232094
88,117.550949
89,116.322212
90,117.31768
91,117.061012
92,117.092171
93,117.893143
94,117.659828
95,118.68634
96,118.624138
97,118.530777
98,118.546349
99,117.473206
100,117.96312
101,118.390793
102,119.35511
103,119.230705
104,119.821732
105,119.837265
106,119.362877
107,118.07975
108,115.948959
109,117.457619
110,117.659828
111,116.376678
112,118.118637
113,118.872948
114,119.54937
115,119.408768
116,119.705536
117,118.041992
118,118.69799
119,117.581146
120,117.018837
121,115.816086
122,117.464027
123,117.448433
124,117.487457
125,118.549637
126,118.979195
127,118.854187
128,119.479019
129,119.572792
130,117.870125
131,118.705826
132,120.580246
133,120.939468
134,120.92392
135,120.861481
136,120.642776
137,121.111351
138,119.885155
139,120.252258
140,118.166931
141,118.409065
142,115.605202
143,113.332504
144,115.105385
145,113.808914
146,114.363373
147,115.277153
148,112.309341
149,114.191597
150,115.409958
151,117.018837
152,113.551178
153,113.020103
154,113.426201
155,111.692352
156,110.153755
157,110.981651
158,113.020103
159,112.965378
160,113.191917
161,114.535233
162,114.433731
163,115.847305
164,114.769547
165,112.246895
166,114.449318
167,114.144745
168,115.269379
169,116.433121
170,115.425575
171,115.691185
172,114.082283
173,113.863571
174,115.191269
175,115.488083
176,116.300331
177,116.292488
178,115.667664
179,119.072929
180,119.775841
181,118.932358
182,119.253288
183,119.033569
184,118.798157
185,119.425903
186,120.132118
187,119.731979
188,121.081711
189,120.916862
190,120.673607
191,120.861992
192,122.297974
193,121.646667
194,122.792282
195,122.588356
196,121.999809
197,122.674629
198,121.638809
199,120.673607
200,121.042427
201,120.603012
202,117.448448
203,118.131149
204,119.088509
205,118.868744
206,119.151299
207,120.54808
208,120.948273
209,120.108604
210,121.356285
211,118.515663
212,118.649055
213,117.746613
214,119.331772
215,116.067322
216,115.47879
217,113.893715
218,112.763672
219,116.200691
220,115.879013
221,114.207535
222,114.403748
223,112.810768
224,113.501297
225,111.178581
226,113.101082
227,110.605705
228,111.876923
229,115.455246
230,115.494476
231,116.655861
232,115.886841
233,114.850998
234,116.773582
235,118.445023
236,118.421501
237,119.339615
238,116.067322
239,117.21302
240,116.969711
241,115.486618
242,113.838768
243,114.474373
244,114.474373
245,115.196289
246,116.856911
247,117.72464
248,117.977119
249,116.494026
250,116.202148
251,115.342278
252,114.332497
253,114.27726
254,111.4767
255,111.382065
256,109.58342
257,110.735168
258,111.460945
259,110.561623
260,111.453056
261,108.999626
262,108.06089
263,105.260345
264,104.179573
265,103.122475
266,105.599556
267,106.490997
268,104.952675
269,106.68824
270,107.216797
271,106.427887
272,108.368515
273,110.111961
274,108.723526
275,105.812584
276,104.960571
277,105.654793
278,104.976349
279,105.512779
280,106.490997
281,107.579659
282,106.632996
283,106.609314
284,106.909096
285,107.224648
286,106.333206
287,106.987991
288,108.336945
289,109.149551
290,109.039085
291,107.974075
292,105.568001
293,105.315559
294,104.913239
295,105.575897
296,103.390709
297,102.325706
298,100.97673
299,104.605614
300,103.627388
301,103.856133
302,102.246826
303,101.213387
304,105.418114
305,102.806946
306,104.711189
307,106.804146
308,106.907219
309,105.599113
310,105.266144
311,104.259293
312,104.623978
313,108.302505
314,108.373901
315,108.643448
316,108.524513
317,108.579948
318,108.469025
319,107.684135
320,107.834801
321,105.741821
322,105.385086
323,105.630875
324,108.492805
325,108.651344
326,109.785042
327,109.840523
328,109.356949
329,109.182518
330,109.658173
331,110.672974
332,110.696785
333,110.26075
334,109.610603
335,111.878006
336,112.187141
337,111.648056
338,112.615311
339,110.609528
340,110.324142
341,110.118034
342,111.354736
343,111.370621
344,111.60051
345,112.99585
346,113.098923
347,113.408058
348,112.488449
349,110.585739
350,110.601624
351,109.119087
352,109.927711
353,110.435097
354,110.990059
355,111.267525
356,110.118034
357,109.475853
358,109.42038
359,111.608444
360,108.048843
361,108.310432
362,107.771362
363,106.185783
364,106.590096
365,107.93782
366,108.001266
367,107.478035
368,106.431541
369,106.56633
370,104.836586
371,104.732979
372,104.525826
373,105.019821
374,102.167458
375,101.609734
376,101.968269
377,102.286964
378,100.534103
379,100.637672
380,99.609879
381,101.378685
382,99.42662
383,99.832985
384,98.669685
385,97.777374
386,96.398949
387,98.76532
388,99.753304
389,100.374771
390,100.430527
391,101.569893
392,102.119652
393,100.00029
394,99.976387
395,98.510353
396,100.613785
397,102.406464
398,101.05204
399,100.518181
400,99.585983
401,102.271019
402,102.725182
403,101.195419
404,103.075752
405,104.143417
406,103.05986
407,102.43837
408,103.211205
409,103.71315
410,102.294945
411,101.179482
412,101.649582
413,101.82489
414,103.298851
415,101.2034
416,101.498184
417,102.48616
418,103.729103
419,102.613632
420,101.976227
421,101.888603
422,98.821114
423,99.131828
424,101.179482
425,98.17572
426,98.574104
427,100.00029
428,100.462402
429,95.681892
430,97.283371
431,92.909218
432,95.665932
433,99.465225
434,97.213356
435,95.001625
436,95.306137
437,96.796684
438,96.844765
439,89.255829
440,92.950142
441,93.006233
442,89.632477
443,88.422447
444,83.918755
445,80.160393
446,78.140968
447,72.683655
448,70.92067
449,81.218185
450,80.016159
451,72.138748
452,75.143829
453,74.695053
454,79.182724
455,76.818672
456,72.635597
457,73.477013
458,69.750671
459,67.274467
460,75.135826
461,74.590912
462,77.171288
463,77.596016
464,77.820389
465,80.46489
466,77.083145
467,72.811867
468,75.215973
469,74.230316
470,71.938385
471,68.773003
472,73.060303
473,69.414093
474,68.492546
475,69.782722
476,65.311111
477,60.462864
478,63.7244
479,68.139946
480,68.644791
481,71.297318
482,72.194817
483,65.799927
484,68.33226
485,69.975067
486,68.356308
487,70.463875
488,72.924057
489,71.722023
490,72.210884
491,70.471916
492,71.313309
493,70.319611
494,73.629265
495,72.916054
496,71.553734
497,71.245911
498,70.333046
499,69.605988
500,70.009911
501,70.413834
502,70.211876
503,71.876083
504,72.902092
505,75.099487
506,75.010582
507,75.511505
508,73.249435
509,73.548378
510,71.973022
511,70.244171
512,70.373459
513,68.159882
514,68.184097
515,68.717339
516,65.089966
517,67.901367
518,66.851128
519,67.141983
520,67.602448
521,68.289131
522,70.59964
523,68.305298
524,66.915756
525,66.713783
526,67.650932
527,67.319695
528,68.321457
529,70.268433
530,70.365356
531,67.141983
532,67.537804
533,67.586266
534,66.859192
535,63.99934
536,63.84586
537,63.15918
538,62.545208
539,60.307392
540,62.593651
541,62.100872
542,61.091019
543,59.72575
544,57.035534
545,56.607353
546,57.94841
547,55.58139
548,55.678291
549,55.023937
550,58.303886
551,58.683582
552,60.994102
553,61.470722
554,61.284946
555,63.15918
556,64.572952
557,63.773136
558,62.415154
559,66.898392
560,65.580276
561,66.271873
562,67.622528
563,66.402054
564,64.107567
565,64.7015
566,65.954559
567,67.882904
568,68.558243
569,68.02121
570,66.434601
571,67.150597
572,69.819382
573,69.83567
574,68.631447
575,69.363739
576,70.380821
577,70.852722
578,67.882904
579,69.209137
580,68.786064
581,69.461395
582,70.510986
583,69.843803
584,69.624092
585,71.10495
586,71.129372
587,71.51178
588,73.944595
589,73.692375
590,74.969803
591,73.928352
592,75.653267
593,74.237488
594,74.01783
595,72.154572
596,72.772949
597,72.178986
598,74.229385
599,74.139877
600,73.643547
601,72.585785
602,72.431221
603,74.286339
604,72.960083
605,73.97715
606,75.28714
607,77.109703
608,77.174805
609,76.198425
610,76.914413
611,76.930702
612,76.613365
613,77.003914
614,76.808655
615,77.150383
616,77.361938
617,75.588181
618,74.562988
619,74.489723
620,75.034889
621,75.311447
622,73.053123
623,73.110367
624,73.740448
625,75.34417
626,75.147812
627,75.851501
628,75.237823
629,75.548752
630,73.486771
631,73.478622
632,72.054832
633,72.005745
634,72.144852
635,71.973015
636,73.724083
637,74.141373
638,76.309731
639,76.186996
640,77.021568
641,77.839844
642,78.199883
643,78.18351
644,79.910011
645,80.23732
646,80.474617
647,80.098206
648,79.90184
649,80.736435
650,80.850998
651,82.184746
652,82.397484
653,82.160187
654,81.734695
655,82.806595
656,82.634796
657,81.603767
658,82.479301
659,83.109367
660,82.47113
661,80.441872
662,81.080101
663,81.792
664,82.634796
665,84.254898
666,84.246704
667,84.41037
668,84.418541
669,84.60675
670,84.590393
671,83.837608
672,81.988358
673,81.677414
674,82.356575
675,83.5103
676,84.230347
677,84.876793
678,85.744118
679,85.727722
680,86.145058
681,86.505089
682,87.814301
683,87.68335
684,87.739296
685,87.517296
686,88.027031
687,87.295326
688,86.333405
689,85.873024
690,87.410416
691,87.147308
692,86.810226
693,84.656204
694,84.261604
695,85.51947
696,86.744484
697,86.982925
698,87.648834
699,88.183243
700,88.528534
701,88.347649
702,89.868614
703,90.197472
704,89.523315
705,90.263245
706,89.7864
707,88.980705
708,89.885078
709,88.857384
710,87.89547
711,87.492615
712,85.840118
713,87.681717
714,85.141289
715,85.766151
716,86.037437
717,86.259399
718,87.846146
719,88.076347
720,90.082375
721,90.098824
722,90.559235
723,89.63842
724,90.123489
725,91.430687
726,91.537567
727,91.480026
728,90.287918
729,89.967262
730,91.110069
731,91.249817
732,91.570465
733,90.082375
734,90.386574
735,91.504677
736,91.463585
737,90.748291
738,91.266251
739,91.126495
740,90.115273
741,90.452339
742,90.962082
743,91.348503
744,91.973297
745,91.545822
746,91.685555
747,90.583885
748,91.096344
749,92.022118
750,92.352737
751,92.534592
752,92.97271
753,93.171059
754,93.038811
755,93.005737
756,92.113052
757,93.675278
758,93.923241
759,93.989357
760,94.386139
761,94.700218
762,94.832466
763,93.948021
764,94.741539
765,94.997765
766,93.931488
767,95.105247
768,94.138153
769,92.327957
770,90.269791
771,90.732674
772,90.352448
773,90.782265
774,89.740784
775,88.765427
776,90.145805
777,91.236855
778,90.782265
779,87.980194
780,88.162025
781,87.525566
782,88.624908
783,88.451324
784,89.377106
785,89.302696
786,90.70787
787,91.137703
788,91.67498
789,91.865074
790,91.88163
791,90.765732
792,91.600571
793,91.476608
794,91.534454
795,92.485023
796,92.741226
797,92.823898
798,93.104904
799,94.435707
800,94.452248
801,94.609276
802,95.030838
803,95.427582
804,95.435852
805,95.460678
806,96.2211
807,96.791435
808,96.741844
809,96.252129
810,96.766739
811,97.447319
812,96.974236
813,96.816521
814,96.758461
815,97.37262
816,97.439026
817,97.107033
818,97.770996
819,98.567787
820,98.800186
821,98.235809
822,98.57608
823,99.223465
824,99.381142
825,99.455856
826,100.584618
827,100.667618
828,99.065765
829,99.43927
830,100.327324
831,100.144737
832,100.443535
833,101.099228
834,100.717415
835,98.335403
836,99.082359
837,100.310699
838,98.609283
839,99.887459
840,97.538597
841,96.957626
842,93.737335
843,92.342972
844,96.409874
845,96.135963
846,97.480499
847,96.268776
848,94.525833
849,94.5756
850,93.289139
851,92.757965
852,89.25547
853,90.558525
854,89.396568
855,89.487854
856,88.948357
857,91.927994
858,90.77433
859,89.247177
860,91.571106
861,91.886482
862,88.657898
863,87.554016
864,88.491905
865,88.018822
866,90.591759
867,91.031609
868,90.890533
869,92.957138
870,92.923981
871,93.073364
872,93.174263
873,92.907417
874,91.372978
875,91.089447
876,89.580078
877,89.955322
878,89.671799
879,86.903152
880,86.077583
881,85.69397
882,85.226967
883,85.785698
884,88.487625
885,89.363235
886,90.03038
887,90.088753
888,91.448051
889,91.43969
890,91.464714
891,88.946266
892,89.471634
893,90.464012
894,89.288177
895,91.281258
896,92.073494
897,93.032486
898,93.024139
899,92.423729
900,91.973419
901,91.956734
902,94.033234
903,93.582878
904,94.208321
905,94.108238
906,93.724655
907,94.225014
908,93.716309
909,91.147835
910,90.589073
911,90.322227
912,90.280533
913,91.389648
914,91.556435
915,89.963646
916,89.671799
917,89.329872
918,88.003937
919,88.34584
920,87.753746
921,89.113052
922,87.82048
923,87.82048
924,90.447327
925,91.289612
926,92.473763
927,91.431374
928,92.073494
929,92.498802
930,92.965782
931,93.999847
932,93.94146
933,94.300072
934,94.27504
935,94.310242
936,95.752258
937,95.559456
938,95.089943
939,94.318634
940,96.263687
941,95.802589
942,96.137947
943,95.970261
944,95.685211
945,96.087631
946,95.366608
947,97.286537
948,97.27813
949,97.160767
950,97.705727
951,97.797943
952,98.099754
953,98.862717
954,98.477043
955,98.678238
956,99.16452
957,97.865021
958,98.820786
959,99.038757
960,99.223206
961,99.51664
962,99.533401
963,99.248367
964,99.265137
965,99.340576
966,99.374123
967,100.162193
968,100.564629
969,102.501312
970,102.886971
971,102.69413
972,101.95636
973,102.367165
974,101.981491
975,100.774223
976,100.631706
977,99.063919
978,99.11422
979,100.572983
980,100.849663
981,100.765846
982,99.307045
983,100.774223
984,99.600464
985,99.90229
986,99.340576
987,101.453323
988,102.752815
989,103.02948
990,102.920502
991,102.979179
992,103.356468
993,103.758865
994,104.362526
995,104.429604
996,104.521797
997,104.04393
998,104.647575
999,104.759651
1000,105.012505
1001,105.678307
1002,106.007019
1003,105.855293
1004,105.897446
1005,106.049149
1006,106.125008
1007,105.956444
1008,105.981735
1009,107.077354
1010,107.018349
1011,107.574608
1012,107.363914
1013,107.153206
1014,107.018349
1015,107.397629
1016,108.366859
1017,108.18985
1018,108.973648
1019,109.159065
1020,108.08873
1021,107.945412
1022,108.18985
1023,108.805084
1024,108.864098
1025,109.285492
1026,109.555199
1027,107.642014
1028,108.451126
1029,110.187263
1030,109.976585
1031,110.221008
1032,110.532822
1033,111.223923
1034,111.729622
1035,111.476761
1036,111.518913
1037,112.184692
1038,112.454376
1039,112.10041
1040,112.808388
1041,113.145508
1042,113.381477
1043,111.105919
1044,110.423271
1045,110.347397
1046,111.527306
1047,112.218414
1048,110.347397
1049,110.583374
1050,112.488098
1051,111.645325
1052,110.768814
1053,111.738029
1054,111.577881
1055,109.513054
1056,110.271568
1057,109.605759
1058,108.349998
1059,106.344124
1060,107.751617
1061,108.143524
1062,109.819511
1063,109.438568
1064,109.75177
1065,110.801369
1066,111.139969
1067,110.86911
1068,111.613976
1069,112.384262
1070,112.231895
1071,112.70591
1072,112.799019
1073,112.782104
1074,113.137611
1075,112.849815
1076,112.460457
1077,112.121857
1078,111.28389
1079,111.275398
1080,111.360046
1081,111.766365
1082,110.513588
1083,111.148453
1084,112.663605
1085,113.239189
1086,113.120659
1087,114.094101
1088,114.838989
1089,115.211418
1090,115.482285
1091,115.304565
1092,114.889771
1093,114.127983
1094,113.095306
1095,113.594688
1096,114.034874
1097,115.008293
1098,113.797829
1099,114.339577
1100,113.459274
1101,112.739784
1102,112.722847
1103,113.730148
1104,114.000977
1105,113.095306
1106,111.783257
1107,111.690163
1108,112.062599
1109,112.578964
1110,113.010635
1111,114.187233
1112,111.622452
1113,111.503937
1114,110.395081
1115,109.226967
1116,109.159264
1117,108.702194
1118,109.531685
1119,108.008072
1120,108.092743
1121,109.463989
1122,107.51712
1123,107.75415
1124,108.075684
1125,108.628601
1126,110.117241
1127,109.453751
1128,109.138992
1129,107.871536
1130,108.832764
1131,110.253372
1132,111.197594
1133,112.26088
1134,113.919701
1135,113.826111
1136,113.962242
1137,115.144623
1138,114.327995
1139,112.26088
1140,111.776024
1141,112.150307
1142,111.376213
1143,112.02272
1144,111.104034
1145,112.907394
1146,112.839325
1147,114.404564
1148,114.48111
1149,113.843147
1150,113.417786
1151,111.095497
1152,110.772278
1153,110.01516
1154,109.547333
1155,106.748672
1156,107.327095
1157,102.299736
1158,102.146652
1159,95.494492
1160,99.934921
1161,95.520042
1162,99.807343
1163,100.47934
1164,102.60598
1165,101.729797
1166,101.797829
1167,97.408463
1168,95.817719
1169,95.89431
1170,99.050232
1171,100.445313
1172,98.914131
1173,100.35173
1174,103.235458
1175,103.507668
1176,103.96701
1177,102.878197
1178,100.24968
1179,99.518097
1180,102.325249
1181,101.261925
1182,98.607903
1183,99.245888
1184,100.156082
1185,101.542641
1186,103.295029
1187,103.906349
1188,102.871735
1189,102.752037
1190,99.725143
1191,96.501579
1192,97.082993
1193,99.391685
1194,100.503242
1195,98.451111
1196,99.229218
1197,96.74955
1198,93.996262
1199,96.056938
1200,97.835464
1201,99.605446
1202,98.938499
1203,102.247566
1204,102.350151
1205,103.247986
1206,103.042755
1207,104.804176
1208,102.803352
1209,104.812744
1210,103.572891
1211,104.026093
1212,106.001259
1213,107.300934
1214,105.214607
1215,106.283432
1216,109.985802
1217,109.960167
1218,107.309486
1219,104.316795
1220,106.018356
1221,107.950806
1222,107.292412
1223,107.959328
1224,109.344521
1225,105.30867
1226,106.300537
1227,108.301353
1228,107.275276
1229,107.805405
1230,106.095322
1231,104.410858
1232,104.29969
1233,102.315971
1234,101.914101
1235,99.665298
1236,99.477158
1237,102.358719
1238,102.649429
1239,106.873421
1240,106.856316
1241,106.762268
1242,107.925117
1243,107.959328
1244,108.361206
1245,105.984146
1246,107.77977
1247,106.206482
1248,105.214607
1249,104.094482
1250,104.470703
1251,104.62561
1252,103.506973
1253,106.639107
1254,106.845627
1255,107.79216
1256,108.755875
1257,108.841934
1258,107.413544
1259,108.52356
1260,107.990067
1261,109.711006
1262,109.883133
1263,110.175682
1264,109.891724
1265,110.158478
1266,111.113602
1267,111.173836
1268,111.440582
1269,110.864059
1270,111.294296
1271,112.52478
1272,113.11853
1273,113.540161
1274,113.247612
1275,113.11853
1276,114.065041
1277,113.479912
1278,113.428291
1279,113.041084
1280,112.998047
1281,113.987602
1282,114.168297
1283,115.768776
1284,115.691345
1285,115.983902
1286,116.328087
1287,116.474365
1288,115.613922
1289,116.474365
1290,116.328087
1291,115.786018
1292,117.068138
1293,117.377892
1294,117.42955
1295,117.050903
1296,117.567207
1297,117.82534
1298,118.02327
1299,118.367462
1300,117.902817
1301,118.513687
1302,118.152313
1303,117.670448
1304,115.949509
1305,116.758331
1306,117.919975
1307,118.376045
1308,118.384659
1309,120.518639
1310,120.389572
1311,121.086548
1312,121.254234
1313,121.729546
1314,121.375214
1315,121.176483
1316,120.30352
1317,120.692451
1318,122.386391
1319,122.006119
1320,121.401146
1321,121.19368
1322,121.694984
1323,122.585129
1324,122.083893
1325,120.873901
1326,120.813446
1327,119.456589
1328,117.451515
1329,118.402184
1330,119.949196
1331,118.523186
1332,118.445381
1333,120.19986
1334,119.793633
1335,119.024467
1336,119.223236
1337,118.220688
1338,118.670113
1339,120.294899
1340,121.133217
1341,121.332016
1342,120.882614
1343,121.634468
1344,121.2715
1345,120.346741
1346,118.402184
1347,118.488617
1348,118.013268
1349,117.31324
1350,117.555252
1351,117.200867
1352,115.90451
1353,115.239029
1354,114.798286
1355,113.095711
1356,112.127739
1357,114.055038
1358,114.253792
1359,114.314316
1360,114.539001
1361,114.167389
1362,115.550171
1363,113.873535
1364,113.622864
1365,110.762215
1366,110.710373
1367,111.548714
1368,114.055038
1369,114.124161
1370,115.031616
1371,113.571022
1372,114.876076
1373,114.141457
1374,115.351387
1375,116.531128
1376,116.756996
1377,117.886345
1378,117.695221
1379,115.054291
1380,115.940369
1381,114.081314
1382,114.654663
1383,115.688469
1384,115.358345
1385,118.233856
1386,118.590034
1387,119.371857
1388,118.83326
1389,117.703941
1390,117.556259
1391,116.531128
1392,116.548492
1393,115.983826
1394,117.929741
1395,117.651779
1396,118.459702
1397,119.33712
1398,119.649872
1399,118.555275
1400,117.356422
1401,116.348671
1402,116.374763
1403,118.294617
1404,120.475136
1405,120.475136
1406,119.632477
1407,119.528236
1408,118.702919
1409,121.05719
1410,121.291786
1411,121.899841
1412,122.047539
1413,122.151825
1414,122.351616
1415,122.290802
1416,122.308159
1417,122.447182
1418,123.350655
1419,123.515671
1420,123.524391
1421,123.15081
1422,123.202942
1423,122.195213
1424,122.933655
1425,122.959702
1426,122.838081
1427,122.933655
1428,122.047539
1429,122.629616
1430,122.51664
1431,122.412415
1432,124.896965
1433,125.383446
1434,124.671112
1435,125.018585
1436,125.435593
1437,127.346779
1438,127.911484
1439,127.477104
1440,127.372826
1441,127.442337
1442,127.451035
1443,127.397797
1444,127.205597
1445,125.851913
1446,125.144463
1447,126.323547
1448,125.738388
1449,126.070274
1450,126.201248
1451,126.71653
1452,127.62487
1453,127.633575
1454,127.196892
1455,125.93924
1456,125.135719
1457,125.205635
1458,124.795113
1459,125.834404
1460,127.109535
1461,127.685944
1462,127.354095
1463,125.231773
1464,125.249298
1465,123.511292
1466,123.161942
1467,123.520004
1468,123.450134
1469,123.450134
1470,124.742699
1471,123.633537
1472,123.886826
1473,124.85627
1474,122.026566
1475,120.559303
1476,120.664124
1477,120.760201
1478,120.340935
1479,118.716499
1480,118.515656
1481,119.100792
1482,121.511284
1483,121.563698
1484,121.790741
1485,123.450134
1486,123.188141
1487,122.559326
1488,123.546234
1489,124.122643
1490,124.148811
1491,123.537521
1492,123.362816
1493,123.581131
1494,124.000366
1495,124.375893
1496,124.428307
1497,125.27549
1498,125.336624
1499,124.568047
1500,124.105209
1501,125.56369
1502,126.961044
1503,126.017883
1504,126.742699
1505,125.592247
1506,125.205292
1507,124.677505
1508,124.510406
1509,123.164703
1510,125.258003
1511,128.468399
1512,128.178177
1513,128.741058
1514,128.389267
1515,128.019852
1516,128.345322
1517,129.36557
1518,129.356812
1519,129.268829
1520,129.356812
1521,129.339203
1522,130.174759
1523,130.465042
1524,131.168701
1525,131.379761
1526,131.414963
1527,132.153778
1528,131.995483
1529,132.514389
1530,131.995483
1531,131.670029
1532,133.024551
1533,131.529312
1534,132.857422
1535,132.954163
1536,132.77829
1537,133.517105
1538,133.490707
1539,133.710617
1540,133.824936
1541,133.948074
1542,133.789749
1543,134.79245
1544,133.112503
1545,132.303314
1546,133.596268
1547,131.054337
1548,131.951508
1549,133.613846
1550,133.350006
1551,133.789749
1552,134.502228
1553,135.707169
1554,135.891953
1555,136.138184
1556,136.718704
1557,137.237671
1558,136.929779
1559,137.123291
1560,137.853333
1561,137.671326
1562,136.91156
1563,136.593536
1564,137.547668
1565,136.372635
1566,137.46814
1567,136.89386
1568,137.989365
1569,137.989365
1570,138.413452
1571,137.865692
1572,138.545975
1573,137.141281
1574,137.697845
1575,137.079437
1576,138.00708
1577,138.484146
1578,140.180405
1579,140.639801
1580,140.295258
1581,137.044052
1582,139.067245
1583,137.035233
1584,136.178284
1585,137.362106
1586,137.971756
1587,139.394119
1588,139.482468
1589,140.047882
1590,139.800522
1591,140.736954
1592,141.072678
1593,139.835846
1594,141.134567
1595,142.56575
1596,142.927963
1597,143.652451
1598,144.306229
1599,143.899841
1600,144.368073
1601,144.48288
1602,145.975937
1603,146.762253
1604,146.073166
1605,147.48671
1606,147.47789
1607,147.68988
1608,146.594391
1609,146.170319
1610,146.046631
1611,146.921249
1612,145.967087
1613,146.506073
1614,144.403381
1615,145.198502
1616,144.500565
1617,142.477417
1618,143.767319
1619,145.596069
1620,145.596069
1621,144.094162
1622,142.901474
1623,145.074814
1624,144.164841
1625,145.278046
1626,146.426514
1627,144.403381
1628,140.825317
1629,141.27739
1630,139.492188
1631,140.833328
1632,142.227692
1633,143.062561
1634,142.476364
1635,143.311234
1636,143.17807
1637,143.240204
1638,144.785553
1639,145.611572
1640,146.659592
1641,146.71286
1642,148.711197
1643,148.773361
1644,149.341766
1645,148.782211
1646,149.164139
1647,149.981201
1648,150.247681
1649,150.540771
1650,150.220993
1651,149.670395
1652,150.034515
1653,150.194382
1654,149.732498
1655,149.732498
1656,149.839127
1657,151.571014
1658,151.828552
1659,151.606522
1660,150.745056
1661,150.256516
1662,150.807205
1663,150.37204
1664,150.194382
1665,150.638428
1666,149.865768
1667,147.769791
1668,147.281281
1669,146.339828
1670,147.05925
1671,146.153305
1672,147.485504
1673,147.982864
1674,147.432236
1675,145.060898
1676,145.576019
1677,145.806915
1678,145.345047
1679,146.002365
1680,147.210205
1681,147.396729
1682,147.467758
1683,148.879959
1684,149.981201
1685,150.45195
1686,150.052246
1687,150.389755
1688,151.260132
1689,151.93515
1690,153.69368
1691,153.436096
1692,152.363342
1693,151.65831
1694,151.3013
1695,150.863983
1696,151.444107
1697,150.747955
1698,149.944717
1699,151.131744
1700,150.988937
1701,149.596695
1702,150.730179
1703,149.427109
1704,147.686783
1705,147.793884
1706,150.980011
1707,151.952805
1708,152.559708
1709,151.453049
1710,153.568222
1711,154.594528
1712,155.638748
1713,155.647629
1714,156.549088
1715,155.799423
1716,156.317017
1717,157.031006
1718,157.280869
1719,158.119827
1720,157.334457
1721,156.888229
1722,157.263062
1723,157.816391
1724,157.316589
1725,158.119827
1726,156.120651
1727,158.226913
1728,158.253693
1729,157.932449
1730,159.199738
1731,159.994034
1732,160.69014
1733,160.127899
1734,159.7798
1735,159.280029
1736,160.565216
1737,161.368439
1738,161.207809
1739,161.252411
1740,161.645096
1741,161.537994
1742,161.11853
1743,160.422409
1744,160.404587
1745,159.699493
1746,161.484467
1747,161.894989
1748,161.314896
1749,159.503204
1750,158.976624
1751,158.958786
1752,159.949356
1753,159.440689
1754,162.162766
1755,161.975342
1756,162.91748
1757,163.787903
1758,164.146851
1759,164.981354
1760,164.972366
1761,164.945435
1762,165.726135
1763,164.137863
1764,164.110901
1765,163.635361
1766,164.64035
1767,164.676239
1768,164.78392
1769,165.232574
1770,163.034195
1771,164.810867
1772,165.699188
1773,165.483856
1774,164.78392
1775,165.268478
1776,165.376221
1777,164.02124
1778,160.521667
1779,159.73201
1780,160.683167
1781,159.139801
1782,160.826736
1783,159.884537
1784,156.286331
1785,157.381027
1786,157.183624
1787,159.256439
1788,161.23056
1789,161.526672
1790,163.294373
1791,163.375168
1792,164.218597
1793,165.124924
1794,165.322311
1795,164.2276
1796,165.196701
1797,165.00824
1798,165.923584
1799,165.860733
1800,165.86969
1801,166.740112
1802,167.161835
1803,165.986282
1804,168.319366
1805,168.471909
1806,168.857727
1807,168.929565
1808,168.839798
1809,168.005295
1810,168.050217
1811,166.165771
1812,165.699188
1813,167.197708
1814,168.391174
1815,167.493866
1816,168.471909
1817,167.818481
1818,167.124512
1819,167.917603
1820,166.709915
1821,166.358444
1822,167.178589
1823,168.548508
1824,169.666107
1825,170.233917
1826,170.008606
1827,167.998734
1828,166.142136
1829,166.827103
1830,168.620621
1831,165.078598
1832,163.591492
1833,164.880295
1834,166.015915
1835,167.755402
1836,167.989716
1837,168.575546
1838,169.341675
1839,168.945084
1840,169.287552
1841,167.899597
1842,168.431351
1843,169.215454
1844,169.7202
1845,169.73822
1846,169.494858
1847,169.819321
1848,168.341202
1849,169.332672
1850,169.152374
1851,169.404739
1852,171.054077
1853,171.207321
1854,170.396133
1855,168.900024
1856,169.48587
1857,170.107773
1858,169.035217
1859,170.459259
1860,170.87384
1861,171.558762
1862,172.613312
1863,172.487137
1864,173.37941
1865,173.658752
1866,173.857071
1867,173.766953
1868,174.118439
1869,175.254028
1870,176.092255
1871,176.272537
1872,176.290558
1873,175.677673
1874,174.433914
1875,174.965668
1876,175.109863
1877,175.596573
1878,176.885361
1879,177.083649
1880,177.443161
1881,177.388824
1882,176.320267
1883,177.117157
1884,176.990402
1885,177.334503
1886,177.243942
1887,178.430267
1888,178.611389
1889,179.489838
1890,178.864975
1891,177.714859
1892,178.511795
1893,177.805405
1894,178.049927
1895,178.946472
1896,178.611389
1897,179.272491
1898,177.234863
1899,179.046097
1900,178.711014
1901,179.489838
1902,179.88829
1903,179.897339
1904,179.05513
1905,179.127579
1906,178.357834
1907,178.384995
1908,174.862244
1909,174.327896
1910,175.586685
1911,173.884171
1912,173.938492
1913,172.996704
1914,174.998047
1915,175.505157
1916,175.260681
1917,176.447037
1918,177.280167
1919,177.243942
1920,178.729111
1921,179.661896
1922,180.141846
1923,180.66716
1924,180.386368
1925,181.30101
1926,181.418716
1927,181.346298
1928,181.246689
1929,181.762909
1930,181.672318
1931,181.572693
1932,181.310104
1933,182.125122
1934,181.654205
1935,180.504135
1936,181.183319
1937,181.391602
1938,180.332031
1939,180.196198
1940,181.554581
1941,181.799103
1942,182.768143
1943,182.603424
1944,181.193161
1945,180.15596
1946,181.566177
1947,178.636536
1948,180.055923
1949,179.728333
1950,179.255264
1951,176.825958
1952,176.853302
1953,178.800339
1954,178.591064
1955,175.834244
1956,178.909515
1957,175.36116
1958,173.359543
1959,170.511734
1960,170.775604
1961,169.620102
1962,169.474533
1963,171.476212
1964,173.141174
1965,176.571259
1966,175.315674
1967,177.353668
1968,178.71843
1969,178.472809
1970,180.519882
1971,180.246948
1972,181.402435
1973,183.476852
1974,183.57695
1975,182.940033
1976,184.095551
1977,184.832504
1978,185.005371
1979,185.587692
1980,185.769653
1981,185.569489
1982,185.778763
1983,185.824265
1984,185.942535
1985,187.016129
1986,186.715881
1987,187.043411
1988,188.044189
1989,188.57193
1990,188.435471
1991,188.917694
1992,188.517303
1993,187.207153
1994,188.417236
1995,189.145126
1996,188.935898
1997,189.245178
1998,187.98053
1999,187.853134
2000,184.841614
2001,185.778763
2002,182.776291
2003,181.520737
2004,180.064987
2005,183.595123
2006,188.135208
2007,188.935745
2008,189.804825
2009,190.060944
2010,190.079269
2011,190.6922
2012,190.94838
2013,189.923767
2014,188.039154
2015,187.938507
2016,184.544434
2017,182.806213
2018,185.084183
2019,188.368454
2020,186.858978
2021,185.395187
2022,184.873734
2023,183.757629
2024,182.07431
2025,184.462036
2026,184.855469
2027,185.78862
2028,188.551483
2029,187.517685
2030,187.956818
2031,185.477554
2032,183.098923
2033,184.791412
2034,182.467682
2035,184.727371
2036,187.398758
2037,186.685165
2038,188.569748
2039,188.048294
2040,187.20668
2041,189.201004
2042,189.310776
2043,191.131317
2044,191.918121
2045,192.220047
2046,192.238312
2047,192.101105
2048,193.253799
2049,193.226379
2050,193.775284
2051,193.610641
2052,193.381882
2053,192.723221
2054,193.939957
2055,193.144012
2056,192.329803
2057,192.540222
2058,189.83226
2059,190.619003
2060,187.526855
2061,187.087692
2062,189.466339
2063,188.304459
2064,190.820297
2065,190.253082
2066,192.540222
2067,191.661972
2068,193.353699
2069,192.97699
2070,191.892639
2071,189.080688
2072,188.630402
2073,189.062302
2074,191.368835
2075,189.69635
2076,189.025543
2077,189.705536
2078,190.982895
2079,190.477448
2080,191.120712
2081,191.966156
2082,193.013718
2083,192.140778
2084,192.508331
2085,193.372131
2086,193.316986
2087,191.09314
2088,192.839142
2089,192.609406
2090,193.555923
2091,194.042953
2092,194.493256
2093,193.684555
2094,194.300262
2095,193.500778
2096,191.561829
2097,193.638611
2098,194.189987
2099,191.966156
2100,191.175827
2101,191.938599
2102,194.465652
2103,193.537537
2104,192.958572
2105,192.995361
2106,195.007828
2107,195.219193
2108,195.825684
2109,195.761353
2110,195.623505
2111,196.193298
2112,195.724579
2113,193.620209
2114,195.458099
2115,195.237564
2116,194.024597
2117,194.419739
2118,194.226715
2119,194.741287
2120,193.09642
2121,192.765625
2122,191.58017
2123,191.552612
2124,193.84996
2125,194.474869
2126,192.986176
2127,192.159103
2128,193.206757
2129,193.51915
2130,195.531631
2131,194.66362
2132,195.660934
2133,195.799408
2134,194.377365
2135,193.786407
2136,193.749435
2137,189.686447
2138,190.083527
2139,191.607147
2140,191.431702
2141,190.886887
2142,192.087326
2143,188.864594
2144,189.206284
2145,191.588669
2146,193.703278
2147,194.54361
2148,194.478943
2149,196.039505
2150,196.205734
2151,196.307266
2152,195.531616
2153,195.180679
2154,194.081879
2155,192.068817
2156,190.951492
2157,193.297012
2158,194.626678
2159,194.672852
2160,194.377365
2161,193.721725
2162,193.343155
2163,193.980301
2164,192.392044
2165,192.022659
2166,194.442001
2167,192.687546
2168,192.918335
2169,192.678299
2170,193.380096
2171,194.460464
2172,193.897171
2173,192.364365
2174,188.347488
2175,182.677795
2176,174.985764
2177,172.926575
2178,179.565918
2179,184.007462
2180,184.016708
2181,182.530029
2182,177.08194
2183,180.443146
2184,180.572433
2185,177.839142
2186,182.308411
2187,179.870621
2188,180.849426
2189,181.67128
2190,180.997177
2191,183.259552
2192,184.847748
2193,184.432236
2194,181.41835
2195,182.355865
2196,179.988922
2197,179.701172
2198,179.051407
2199,179.00502
2200,174.512512
2201,174.614578
2202,177.872589
2203,178.336731
2204,181.000656
2205,184.221573
2206,183.590363
2207,185.09407
2208,186.764893
2209,186.876205
2210,187.052582
2211,185.873749
2212,184.982681
2213,187.822983
2214,188.676971
2215,188.76973
2216,188.528458
2217,187.358902
2218,190.524094
2219,192.612534
2220,192.139175
2221,191.767868
2222,193.949173
2223,193.837769
2224,193.002396
2225,195.285812
2226,195.85202
2227,195.25795
2228,195.063019
2229,194.960922
2230,193.141647
2231,193.587158
2232,192.826065
2233,190.134216
2234,187.999359
2235,190.858231
2236,190.718994
2237,193.744965
2238,193.577866
2239,194.28334
2240,194.060547
2241,194.32048
2242,194.292633
2243,194.515366
2244,193.707825
2245,195.554977
2246,193.559341
2247,190.848953
2248,194.571075
2249,193.392273
2250,192.092773
2251,190.598312
2252,191.090317
2253,187.386749
2254,188.333527
2255,190.310608
2256,193.09523
2257,190.152817
2258,186.765213
2259,188.305847
2260,190.014633
2261,192.36763
2262,192.050125
2263,191.611298
2264,193.656174
2265,192.283585
2266,190.360107
2267,187.698959
2268,188.016418
2269,185.64473
2270,181.190842
2271,179.201996
2272,179.379395
2273,180.826675
2274,176.316788
2275,179.211304
2276,175.364334
2277,175.597778
2278,173.347458
2279,174.318558
2280,177.89476
2281,175.205612
2282,177.595947
2283,175.663162
2284,176.578186
2285,180.882675
2286,180.817322
2287,177.558594
2288,178.623077
2289,178.903183
2290,175.495071
2291,173.132706
2292,173.14209
2293,172.992691
2294,170.742355
2295,174.262558
2296,177.203781
2297,180.098389
2298,179.360718
2299,179.276688
2300,181.872452
2301,179.575485
2302,180.397171
2303,182.582108
2304,182.161942
2305,180.733292
2306,184.981781
2307,185.81282
2308,186.541138
2309,187.148041
2310,187.297455
2311,185.252579
2312,186.167648
2313,186.317032
2314,189.323639
2315,189.080856
2316,188.772736
2317,189.865204
2318,191.069748
2319,191.820572
2320,192.092743
2321,191.989502
2322,190.722473
2323,190.63797
2324,190.750595
2325,192.51506
2326,193.359772
2327,192.890533
2328,194.204483
2329,193.575653
2330,191.642242
2331,193.735168
2332,191.416962
2333,191.933197
2334,191.482681
2335,193.265945
2336,195.218124
2337,195.227524
2338,195.011627
2339,196.381897
2340,197.001328
2341,197.189072
2342,196.12851
2343,196.12851
2344,195.790619
2345,196.081558
2346,196.485168
2347,194.701904
2348,193.650711
2349,195.189957
2350,193.49118
2351,192.411865
2352,192.374313
2353,193.078217
2354,193.237778
2355,195.640442
2356,193.810272
2357,193.866577
2358,192.177185
2359,194.073074
2360,192.261688
2361,192.317993
2362,191.651627
2363,192.862366
2364,192.599533
2365,195.096115
2366,196.419434
2367,196.475754
2368,197.320465
2369,196.945023
2370,197.348633
2371,197.94928
2372,197.358017
2373,198.362244
2374,198.671951
2375,199.319611
2376,199.047394
2377,197.160889
2378,195.640442
2379,195.255615
2380,194.983475
2381,195.565384
2382,194.837067
2383,196.091812
2384,196.648438
2385,196.327682
2386,198.884384
2387,191.742584
2388,188.308548
2389,191.704865
2390,194.969101
2391,197.629578
2392,198.044724
2393,196.620117
2394,197.799423
2395,197.676773
2396,200.620239
2397,201.32785
2398,202.790146
2399,202.761871
2400,203.893967
2401,203.620377
2402,204.167557
2403,203.960007
2404,204.809082
2405,204.035492
2406,204.950623
2407,204.393997
2408,204.488342
2409,204.271362
2410,204.507217
2411,204.837402
2412,204.667587
2413,203.356232
2414,203.950546
2415,204.167557
2416,205.837433
2417,205.714783
2418,205.837433
2419,205.327957
2420,206.280853
2421,206.101593
2422,206.695923
2423,205.629868
2424,206.016693
2425,206.478958
2426,206.177063
2427,206.167648
2428,206.582733
2429,205.526108
2430,205.384567
2431,204.997787
2432,206.007263
2433,205.667618
2434,205.082687
2435,205.092133
2436,206.016693
2437,206.639359
2438,206.620483
2439,206.148758
2440,201.21463
2441,204.101547
2442,201.167465
2443,201.091949
2444,203.101471
2445,202.31636
2446,202.354324
2447,202.363785
2448,204.639465
2449,205.92897
2450,204.800659
2451,203.141327
2452,204.40242
2453,205.416977
2454,203.558517
2455,205.094574
2456,204.601532
2457,203.558517
2458,204.459305
2459,204.601532
2460,203.899872
2461,204.961853
2462,202.373245
2463,202.638779
2464,201.975021
2465,202.079315
2466,201.37767
2467,202.638779
2468,203.17923
2469,202.799957
2470,202.89476
2471,203.757614
2472,203.074905
2473,202.667221
2474,202.12674
2475,201.529358
2476,201.538879
2477,200.078644
2478,198.874435
2479,197.964172
2480,197.746094
2481,202.107758
2482,203.018021
2483,205.170456
2484,205.682465
2485,205.208359
2486,205.369522
2487,206.972015
2488,206.583252
2489,207.645233
2490,207.180603
2491,208.745148
2492,209.152863
2493,209.266647
2494,210.044144
2495,209.058044
2496,209.465775
2497,208.963226
2498,208.195175
2499,208.299484
2500,209.551102
2501,210.214828
2502,212.964615
2503,213.486099
2504,214.77565
2505,214.529129
2506,215.960892
2507,214.178314
2508,215.06012
2509,214.639511
2510,215.106842
2511,215.936646
2512,215.3358
2513,214.963791
2514,215.278564
2515,215.812683
2516,214.029068
2517,213.981384
2518,213.199265
2519,214.830276
2520,216.108322
2521,215.936646
2522,216.709229
2523,215.993881
2524,215.993881
2525,216.604294
2526,216.060669
2527,216.556625
2528,215.793579
2529,216.270477
2530,215.469315
2531,216.260941
2532,215.698181
2533,217.081207
2534,218.960159
2535,218.731247
2536,218.387878
2537,217.033524
2538,217.01442
2539,217.100281
2540,217.243347
2541,218.740784
2542,218.349731
2543,218.359283
2544,218.645386
2545,219.942551
2546,220.810501
2547,222.012253
2548,222.899277
2549,224.062897
2550,223.872147
2551,224.225021
2552,225.560318
2553,225.360016
2554,225.51265
2555,225.798782
2556,226.151688
2557,225.54126
2558,228.698273
2559,227.258072
2560,227.401123
2561,226.723969
2562,226.046722
2563,225.62709
2564,225.913239
2565,226.704865
2566,226.819351
2567,225.951355
2568,227.906631
2569,227.458359
2570,227.058929
2571,226.809845
2572,223.89772
2573,224.424576
2574,224.185089
2575,224.022263
2576,223.792328
2577,225.420807
2578,225.631577
2579,226.350021
2580,225.823181
2581,225.430435
2582,225.574097
2583,224.903549
2584,225.535812
2585,225.305893
2586,225.440002
2587,225.171783
2588,224.185089
2589,222.729019
2590,224.702408
2591,224.03183
2592,223.619934
2593,225.440002
2594,224.721527
2595,227.193008
2596,228.514954
2597,228.371292
2598,228.562836
2599,228.064743
2600,228.639481
2601,228.725708
2602,228.447876
2603,228.716125
2604,229.616577
2605,229.578278
2606,229.367523
2607,229.779419
2608,229.310059
2609,228.92688
2610,230.19133
2611,229.980591
2612,225.899811
2613,226.809845
2614,228.285065
2615,229.444153
2616,229.951874
2617,230.488312
2618,231.58992
2619,231.542068
2620,231.340866
2621,231.283386
2622,233.122589
2623,233.89856
2624,233.726135
2625,232.978943
2626,233.410004
2627,233.524963
2628,233.170502
2629,233.122589
2630,234.262573
2631,233.965591
2632,233.515381
2633,233.566391
2634,235.510864
2635,233.922546
2636,233.864777
2637,233.758881
2638,234.038086
2639,234.192062
2640,232.305359
2641,234.384598
2642,232.324631
2643,232.757828
2644,233.152466
2645,233.691544
2646,231.55455
2647,233.056213
2648,233.306473
2649,233.133224
2650,234.885178
2651,235.279816
2652,236.377182
2653,236.348328
2654,236.473465
2655,237.753723
2656,237.859619
2657,237.647842
2658,237.590103
2659,238.167633
2660,238.177261
2661,237.955872
2662,237.676727
2663,237.541946
2664,238.071411
2665,238.18689
2666,237.724869
2667,238.15802
2668,238.600784
2669,238.013611
2670,238.003998
2671,234.644501
2672,234.991074
2673,237.320526
2674,237.291687
2675,237.705582
2676,233.999557
2677,233.633774
2678,233.816666
2679,236.261703
2680,235.414597
2681,234.865921
2682,235.414597
2683,235.424225
2684,235.693756
2685,236.810349
2686,238.235031
2687,238.57193
2688,236.85849
2689,237.667053
2690,237.638229
2691,237.359055
2692,239.890701
2693,240.69928
2694,240.814804
2695,240.737793
2696,241.06189
2697,241.5746
2698,241.816437
2699,241.903488
2700,241.255356
2701,241.303711
2702,240.810349
2703,240.955475
2704,241.893814
2705,242.184036
2706,243.035339
2707,244.089783
2708,244.612167
2709,244.90239
2710,246.353455
2711,246.072891
2712,245.666611
2713,246.314743
2714,246.701721
2715,246.334091
2716,246.634003
2717,246.962875
2718,247.137039
2719,247.378891
2720,247.446594
2721,248.723526
2722,247.756119
2723,248.191483
2724,246.962875
2725,247.282135
2726,249.303955
2727,248.37529
2728,248.762222
2729,249.09111
2730,249.187881
2731,250.019852
2732,250.406799
2733,250.232666
2734,250.658264
2735,249.748978
2736,249.671555
2737,249.903748
2738,249.323318
2739,248.075409
2740,250.18428
2741,249.449066
2742,249.87471
2743,251.509583
2744,251.28714
2745,251.867538
2746,251.74176
2747,254.29567
2748,254.140854
2749,256.365875
2750,255.833832
2751,255.524216
2752,254.605225
2753,254.653595
2754,255.456543
2755,256.849548
2756,257.623474
2757,258.078094
2758,258.049133
2759,256.994629
2760,259.134796
2761,260.777985
2762,259.77652
2763,259.64035
2764,260.17514
2765,260.107086
2766,259.795959
2767,259.922333
2768,260.457123
2769,259.475067
2770,261.332214
2771,262.985138
2772,264.093597
2773,265.853516
2774,266.339691
2775,266.942566
2776,266.534149
2777,268.47879
2778,270.229004
2779,269.305298
2780,271.872192
2781,271.415253
2782,272.650085
2783,274.866974
2784,275.450409
2785,275.343445
2786,275.460052
2787,278.649353
2788,276.80188
2789,273.962738
2790,274.098877
2791,273.78772
2792,267.827393
2793,256.626129
2794,261.682251
2795,260.262634
2796,250.500504
2797,254.263397
2798,257.997101
2799,258.638885
2800,262.129517
2801,265.474304
2802,265.552063
2803,263.889374
2804,262.576752
2805,262.917084
2806,267.107819
2807,270.209564
2808,266.835571
2809,264.132507
2810,260.29184
2811,261.633636
2812,264.657562
2813,265.328491
2814,265.231262
2815,266.51474
2816,271.15271
2817,270.812408
2818,269.062225
2819,267.681488
2820,267.389771
2821,267.679779
2822,264.057922
2823,264.50705
2824,263.99942
2825,257.400146
2826,251.913773
2827,258.805908
2828,254.403152
2829,253.651413
2830,256.892487
2831,251.347565
2832,254.569122
2833,257.292725
2834,259.323303
2835,253.544052
2836,254.79364
2837,258.84494
2838,257.488007
2839,259.606415
2840,258.84494
2841,260.973083
2842,263.765106
2843,263.960358
2844,262.496033
2845,260.270203
2846,260.231171
2847,256.726563
2848,257.361084
2849,259.977386
2850,260.221405
2851,258.220184
2852,258.679016
2853,256.941345
2854,256.375092
2855,259.694275
2856,260.572906
2857,260.572906
2858,263.091492
2859,265.551544
2860,266.361816
2861,266.48877
2862,264.653442
2863,265.766296
2864,265.54184
2865,264.877991
2866,266.869446
2867,266.127502
2868,266.859711
2869,266.313049
2870,265.678497
2871,262.622894
2872,266.127502
2873,264.497223
2874,267.094025
2875,268.363098
2876,268.558319
2877,270.80365
2878,270.774384
2879,271.57489
2880,271.936066
2881,272.287506
2882,271.41864
2883,272.10202
2884,271.754913
2885,271.195984
2886,270.156494
2887,270.617401
2888,268.920929
2889,269.411255
2890,265.743805
2891,266.332153
2892,264.125763
2893,265.635925
2894,266.018372
2895,266.587097
2896,265.645721
2897,267.812836
2898,270.078064
2899,272.509949
2900,273.49054
2901,271.490143
2902,273.951447
2903,274.167175
2904,273.921997
2905,275.030151
2906,275.608673
2907,274.569244
2908,274.255432
2909,274.76535
2910,276.14798
2911,278.501434
2912,277.844452
2913,275.9617
2914,274.520233
2915,275.873383
2916,275.412537
2917,276.912933
2918,278.099396
2919,279.119232
2920,280.040985
2921,279.923309
2922,279.540894
2923,277.667938
2924,276.62851
2925,278.393585
2926,276.314697
2927,278.550507
2928,279.531097
2929,280.129272
2930,280.786255
2931,280.619568
2932,280.246948
2933,281.933533
2934,284.159576
2935,284.296844
2936,285.826569
2937,284.669434
2938,284.67926
2939,284.188934
2940,283.424072
2941,282.570984
2942,282.02182
2943,282.512115
2944,283.443665
2945,283.512329
2946,285.189178
2947,285.23819
2948,283.728027
2949,285.267639
2950,285.571625
2951,287.885834
2952,287.622803
2953,286.667328
2954,286.401337
2955,285.544403
2956,286.342255
2957,286.371826
2958,287.36673
2959,287.199249
2960,287.356873
2961,285.110962
2962,283.515167
2963,283.515167
2964,283.10144
2965,274.137573
2966,268.099274
2967,271.822754
2968,270.295898
2969,276.206146
2970,276.255432
2971,272.265991
2972,272.118256
2973,270.896759
2974,269.5177
2975,261.351746
2976,266.040497
2977,261.361542
2978,259.913544
2979,263.765076
2980,266.582306
2981,269.41922
2982,267.823456
2983,269.301056
2984,271.005127
2985,276.807037
2986,276.304688
2987,273.605652
2988,268.493286
2989,267.990906
2990,266.158722
2991,268.936523
2992,269.635925
2993,265.075195
2994,260.169647
2995,261.056183
2996,259.312683
2997,263.499084
2998,264.385651
2999,270.473206
3000,269.882172
3001,271.527222
3002,275.122589
3003,266.207977
3004,265.804108
3005,259.627899
3006,260.120422
3007,260.179504
3008,261.489624
3009,261.40094
3010,256.574249
3011,251.54068
3012,251.264862
3013,247.501999
3014,243.473175
3015,238.484512
3016,232.18306
3017,243.914063
3018,245.786697
3019,245.469635
3020,247.619644
3021,247.877258
3022,241.962219
3023,250.066925
3024,252.03862
3025,254.406601
3026,255.595551
3027,256.497192
3028,256.596252
3029,255.030792
3030,257.953644
3031,258.577881
3032,260.539612
3033,264.007385
3034,260.440552
3035,260.985504
3036,261.124207
3037,263.333679
3038,261.332275
3039,260.985504
3040,265.117096
3041,267.445465
3042,267.57428
3043,269.456787
3044,270.586304
3045,270.229614
3046,267.653564
3047,267.980499
3048,268.12912
3049,271.577118
3050,272.458893
3051,271.854523
3052,274.817017
3053,275.292603
3054,275.847412
3055,274.866547
3056,276.570709
3057,276.947205
3058,276.749054
3059,276.630188
3060,276.114929
3061,277.838928
3062,276.828308
3063,276.451813
3064,274.777344
3065,272.478729
3066,271.933777
3067,275.877167
3068,276.91748
3069,278.750458
3070,278.572113
3071,279.948425
3072,280.96347
3073,281.033142
3074,280.187256
3075,283.351868
3076,277.898407
3077,277.689423
3078,279.759338
3079,278.296448
3080,279.351318
3081,281.112762
3082,284.446533
3083,284.585876
3084,285.033691
3085,285.790009
3086,287.173279
3087,287.392212
3088,285.919373
3089,286.894653
3090,286.815002
3091,288.755585
3092,288.566498
3093,288.755585
3094,288.049042
3095,288.616241
3096,288.865051
3097,291.462433
3098,290.815582
3099,290.636414
3100,291.989868
3101,292.447632
3102,292.596893
3103,290.397583
3104,289.77063
3105,292.606842
3106,291.40271
3107,286.536377
3108,286.138306
3109,285.272522
3110,286.705566
3111,279.50058
3112,282.02829
3113,283.680267
3114,286.307495
3115,284.456482
3116,282.575653
3117,285.12326
3118,284.247528
3119,280.774414
3120,281.411316
3121,278.794037
3122,276.923126
3123,277.679443
3124,273.937653
3125,273.241058
3126,279.172211
3127,281.590424
3128,283.421509
3129,286.257721
3130,287.57135
3131,287.501678
3132,286.994171
3133,288.178375
3134,287.859955
3135,287.969391
3136,290.984741
3137,291.641541
3138,294.427979
3139,294
3140,293.640015
3141,290.76001
3142,290.470001
